 Tax year/D'ann√©e d'imposition             , Grand total Source of Income /Total global #,Employment/Emploi # ,Fishing and Farming/ P√™che et Agriculture #,Professional income/Professions lib√©rales #,Sales (self-employed)/Ventes (travail ind√©p.) #,Proprietorships/Partnerships/Entreprises indiv./Soc. de pers. #,Investment/Placement #,Pension/Pension #,Benefit/B√©n√©ficiaire #,Others/Autre #,Province, Grand total males/Total global hommes #,Grand total females/Total global femmes #,Grand total Male & Female/Total global total #,Age group: under 20 males/Groupe d'√¢ge : moins de 20 ans hommes #,Age group: under 20 females/Groupe d'√¢ge : moins de 20 ans femmes #,Age group: under 20 total/Groupe d'√¢ge : moins de 20 ans total #,Age group: 20-24 males/Groupe d'√¢ge : 20-24 hommes #,Age group: 20-24 females/Groupe d'√¢ge : 20-24 femmes #,Age group: 20-24 total/Groupe d'√¢ge : 20-24 total #,Age group: 25-29 males/Groupe d'√¢ge : 25-29 hommes #,Age group: 25-29 females/Groupe d'√¢ge : 25-29 femmes #,Age group: 25-29 total/Groupe d'√¢ge : 25-29 total #,Age group: 30-34 males/Groupe d'√¢ge : 30-34 hommes #,Age group: 30-34 females/Groupe d'√¢ge : 30-34 femmes #,Age group: 30-34 total/Groupe d'√¢ge : 30-34 total #,Age group: 35-39 males/Groupe d'√¢ge : 35-39 hommes #,Age group: 35-39 females/Groupe d'√¢ge : 35-39 femmes #,Age group: 35-39 total/Groupe d'√¢ge : 35-39 total #,Age group: 40-44 males/Groupe d'√¢ge : 40-44 hommes #,Age group: 40-44 females/Groupe d'√¢ge : 40-44 femmes #,Age group: 40-44 total/Groupe d'√¢ge : 40-44 total #,Age group: 45-49 males/Groupe d'√¢ge : 45-49 hommes #,Age group: 45-49 females/Groupe d'√¢ge : 45-49 femmes #,Age group: 45-49 total/Groupe d'√¢ge : 45-49 total #,Age group: 50-54 males/Groupe d'√¢ge : 50-54 hommes #,Age group: 50-54 females/Groupe d'√¢ge : 50-54 femmes #,Age group: 50-54 total/Groupe d'√¢ge : 50-54 total #,Age group: 55-59 males/Groupe d'√¢ge : 55-59 hommes #,Age group: 55-59 females/Groupe d'√¢ge : 55-59 femmes #,Age group: 55-59 total/Groupe d'√¢ge : 55-59 total #,Age group: 60-64 males/Groupe d'√¢ge : 60-64 hommes #,Age group: 60-64 females/Groupe d'√¢ge : 60-64 femmes #,Age group: 60-64 total/Groupe d'√¢ge : 60-64 total #,Age group: 65-69 males/Groupe d'√¢ge : 65-69 hommes #,Age group: 65-69 females/Groupe d'√¢ge : 65-69 femmes #,Age group: 65-69 total/Groupe d'√¢ge : 65-69 total #,Age group: 70-74 males/Groupe d'√¢ge : 70-74 hommes #,Age group: 70-74 females/Groupe d'√¢ge : 70-74 femmes #,Age group: 70-74 total/Groupe d'√¢ge : 70-74 total #,Age group: 75 and over males/Groupe d'√¢ge : 75 et plus hommes #,Age group: 75 and over females/Groupe d'√¢ge : 75 et plus femmes #,Age group: 75 and over total/Groupe d'√¢ge : 75 et plus total #, Grand total Income class/Total global # ,4999 and under/Moins de 4 999 #,5000 - 9999 #,10000 - 14999 #,15000 - 19999 #,20000 - 24999 #,25000 - 29999 #,30000 - 34999 #,35000 - 39999 #,40000 - 44999 #,45000 - 49999 #,50000 - 54999 #,55000 - 59999 #,60000 - 69999 #,70000 - 79999 #,80000 - 89999 #,90000 - 99999 #,100000 - 149999 #,150000 - 249999 #,250000 and over/et plus #
2014,3083340,1994500,44490,11880,9540,108880,200150,374560,197900,141430,AB,1545830,1536710,3083340,69730,65270,135020,138670,131290,270070,163350,157960,321460,166180,162720,329050,148080,143970,292180,138180,131760,270010,129320,125620,254990,139130,137310,276460,130210,125270,255500,102280,100340,202630,78500,80300,158820,53140,56360,109510,89070,118550,207640,3083340,278130,150720,174240,212640,203520,170790,151240,146480,145630,132810,122380,110620,193280,160640,131160,115100,282440,137120,64410
2014,3657350,1952120,12750,24320,19360,199790,264170,690310,275680,218880,BC,1766620,1887850,3657350,66050,64350,130740,139050,137520,277770,146730,150580,297660,146110,154230,300570,132930,143100,276220,138030,150250,288500,147450,158250,305830,167330,176520,343910,160710,170650,331390,146530,154020,300590,128480,133870,262380,91810,96080,187900,155430,198440,353890,3657350,391140,223250,337010,326170,269080,215880,200680,198210,188100,163850,141100,123480,206080,166650,118930,90050,194210,72650,30830
2014,962620,541610,21240,4100,2960,36810,31580,185370,71490,67480,MB,468710,493090,962620,21850,21300,43230,44000,42700,87190,42350,42180,84650,40730,41210,81980,38210,39460,77700,38060,38620,76690,38130,38790,76930,43450,44020,87480,40430,40830,81270,34870,36590,71470,29160,31110,60270,20800,22680,43480,36690,53610,90300,962620,118000,61180,71970,82120,69300,61830,62820,57610,55600,45470,38800,33340,53850,40990,31120,20230,39970,12520,5920
2014,607350,329840,2630,1990,1050,17380,13370,154510,59920,26670,NB,294500,312710,607350,11650,11470,23130,21220,20990,42240,19890,20040,39960,20340,21670,42040,21580,23010,44610,23530,24690,48240,25160,25870,51040,29410,30180,59590,28970,29450,58430,26830,27960,54790,24170,24540,48710,16530,17140,33670,25220,35680,60910,607350,48180,47230,49680,67270,52760,46170,41890,39100,35310,27790,22720,18900,30420,23770,15690,10030,21570,6580,2310
2014,431030,229800,6550,1420,960,7370,6710,105880,55370,16970,NL,210340,220610,431030,8130,7890,16020,14430,14260,28710,14340,14650,29000,14540,15510,30060,15270,16200,31480,17240,17910,35150,19210,19700,38910,20820,21000,41830,20690,21120,41810,20230,20680,40900,17480,18080,35570,11580,11980,23560,16380,21650,38040,431030,32800,28300,41000,50830,34470,28810,26220,22700,22220,17780,15210,12790,20410,16030,13820,11100,24330,9300,2920
2014,149050,68120,340,2000,110,3720,22020,24770,280,27680,NR,82390,34840,149050,360,300,750,3330,1760,5460,7950,3060,11920,10300,3000,14560,10570,2630,14980,9910,2290,14680,7610,1940,12940,5950,1810,11810,4300,1710,10010,3660,2320,9620,5130,3730,11770,4880,3500,11190,8430,6780,19390,149050,59630,18040,16760,14500,11250,5740,3100,2120,1740,1400,1150,980,1650,1340,1200,940,3020,2230,2280
2014,742450,394640,5260,3150,1810,22050,26800,191750,59190,37800,NS,354600,387240,742450,13720,13970,27720,27290,27770,55270,25430,26390,52000,24080,26380,50570,24300,27020,51360,27120,29560,56690,29530,31580,61120,36070,37740,73820,34970,36530,71500,31670,33490,65160,29160,30540,59700,20110,21810,41920,31160,44460,75620,742450,64730,58060,56420,74470,63690,49440,48120,44860,42000,33910,28710,24910,39400,30930,24010,15660,29350,10050,3730
2014,31800,23340,30,110,10,870,460,2310,3160,1510,NT,16280,15520,31800,900,900,1800,1630,1600,3230,1880,1800,3690,1770,1830,3590,1480,1550,3030,1500,1380,2880,1500,1410,2900,1650,1560,3210,1380,1200,2590,1030,890,1920,720,560,1270,370,350,730,470,510,980,31800,3780,2090,1970,1990,1620,1300,1140,1110,1070,1000,940,840,1700,1690,1500,1510,4940,1320,300
2014,21240,14320,70,40,,190,120,1040,4630,840,NU,10640,10600,21240,720,800,1520,1420,1440,2860,1380,1530,2910,1270,1340,2610,1070,1090,2160,1040,980,2020,1010,940,1960,880,780,1660,680,630,1300,500,440,930,330,280,600,190,180,370,170,180,350,21240,3550,2420,1790,1490,1100,930,750,670,540,480,390,370,690,750,800,860,2740,830,110
2014,10368730,5705040,39590,77530,53340,516930,478940,1945040,893870,658450,ON,4967640,5387040,10368730,206860,207430,415610,422340,415500,842110,409700,423550,835200,396830,431150,829580,383840,426200,811260,409960,444440,855370,440380,467810,908920,496180,514360,1011100,444280,463060,907740,377140,404650,782140,330720,357120,688080,237570,262090,499820,411850,569680,981790,10368730,1117810,684220,924860,908550,735980,570130,548510,535600,528100,460280,396240,350480,583400,463800,362380,307450,573210,212050,105680
2014,113820,64160,2920,340,190,3600,3400,26460,8910,3840,PE,54370,59410,113820,2800,2700,5510,4230,4300,8540,3720,3990,7720,3560,3970,7530,3750,4230,7980,4220,4540,8770,4650,4780,9440,5310,5770,11090,5160,5540,10710,4870,5060,9930,4530,4670,9200,2900,3230,6130,4680,6630,11310,113820,8200,7450,9170,12210,10180,9130,8440,7630,6870,5910,4860,3980,5850,4350,2890,1770,3420,1120,400
2014,6499800,3549070,22140,52660,19870,249200,254160,1450930,590280,311500,QC,3157690,3340360,6499800,134020,134410,268520,242320,242250,485080,233970,238850,473200,257230,263300,520800,264710,267830,532710,246770,245890,492780,263530,263110,526700,309550,311120,620710,301100,306750,607880,261570,270490,532090,225540,238330,463890,164710,181720,346450,252660,376310,629000,6499800,531760,468760,601110,689920,509180,423350,416840,403770,384420,312780,264880,225160,346050,270030,173060,118140,235950,82090,42540
2014,838550,468980,34590,2730,2120,32740,45840,141190,63100,47270,SK,413250,425080,838550,19290,18990,38290,37400,36280,73760,41010,39560,80600,38390,38020,76430,34230,34220,68470,31440,31440,62900,31420,31260,62680,37040,37290,74330,36370,36140,72510,30940,30620,61560,24410,24800,49220,17410,18510,35920,33910,47970,81890,838550,84890,43640,55430,72340,56710,48090,46300,44670,46320,40610,35080,30710,51060,41870,33610,24400,56380,19320,7120
2014,27610,18640,30,140,20,1540,930,3400,2130,770,YT,13730,13880,27610,540,540,1080,1080,1020,2100,1250,1370,2620,1350,1430,2780,1170,1280,2450,1130,1270,2400,1120,1160,2280,1370,1500,2870,1390,1370,2760,1200,1090,2290,930,800,1730,600,440,1040,600,620,1220,27610,1600,1250,1620,2050,1850,1550,1420,1390,1370,1200,1150,1190,2260,1960,1570,1120,2310,620,140
2011,2785840,1845210,44590,11530,8630,107760,163590,347270,186250,71010,AB,1387470,1397290,2785840,66030,62910,129030,126380,123760,250370,145150,142950,288290,137230,136220,273620,128430,125080,253660,124610,121670,246370,130480,129110,259620,133120,130040,263180,115760,111220,227000,88910,88150,177080,64140,65480,129620,45790,49550,95340,81450,111180,192650,2785840,258170,155700,204390,203960,195440,158680,147010,142300,138860,122450,111100,98170,170370,135650,112370,90640,204170,92470,43930
2011,3485020,1964270,12430,23590,18580,201390,234840,639400,278310,112210,BC,1677970,1799750,3485020,64590,63720,129520,133380,134610,271990,140930,146940,288620,131400,141380,273060,127420,140190,267910,142070,154430,296830,159030,168030,327240,162650,171390,334130,152170,159080,311300,137960,142360,280370,106460,109300,215780,78140,82350,160510,141770,185960,327760,3485020,407080,245800,366780,318820,254910,210110,199710,190010,180020,149420,129090,111400,184950,140200,106730,70110,143430,51060,25390
2011,925460,562450,22050,4250,2640,37190,27080,176760,70030,23010,MB,448690,475340,925460,22360,22450,45010,41590,41260,83710,39630,39560,79380,37320,38510,75890,36780,37460,74290,37100,38070,75190,41660,42450,84120,42790,42800,85600,38100,38860,76960,32680,34030,66710,25180,26360,51530,18320,20270,38590,35190,53280,88470,925460,112450,69340,74950,87880,69990,63530,63050,56790,53990,42530,36120,29810,47940,36440,23880,15030,28250,8940,4560
2011,603070,344640,2620,2120,1110,17990,11720,142670,65980,14230,NB,292670,310170,603070,12660,12900,25570,22360,21820,44230,20590,21230,41880,20720,22110,42880,22580,23980,46570,24250,25110,49370,28620,29210,57840,29450,29890,59340,28140,28490,56630,26120,26250,52380,19930,20010,39950,14290,15010,29300,22970,34170,57140,603070,48990,52540,57880,70150,54470,47520,43280,39710,33410,25160,20730,17430,27530,21120,13100,8290,15130,4680,1950
2011,421320,228370,7450,1420,950,7340,5490,97370,62530,10400,NL,205030,216180,421320,8330,8180,16510,14750,14950,29740,14030,14790,28840,14090,15220,29330,15790,16730,32530,18050,18850,36910,20160,20660,40830,20690,20980,41680,20520,20810,41330,19080,19270,38340,14800,15140,29940,9950,10300,20250,14780,20320,35100,421320,33470,31600,47820,51840,36810,30910,27220,24180,20710,16850,13780,11420,18540,14970,11930,7660,14910,4820,1900
2011,118070,69040,320,1880,100,4450,17210,20470,490,4100,NR,66790,28130,118070,320,300,710,2850,1630,4780,6780,2630,10200,8630,2590,12420,8890,2150,12720,8100,2000,12530,6520,1760,11120,4720,1540,9290,3510,1520,7990,3370,2190,8140,4180,2840,9040,3430,2440,7290,5510,4550,11840,118070,44020,16100,15120,12540,8170,3900,2350,1790,1380,1170,980,780,1340,1130,900,740,2510,1670,1490
2011,735860,413300,5330,3320,1890,23130,23580,181250,64830,19230,NS,351700,383290,735860,14480,14940,29490,28040,28510,57000,24990,26420,51610,23930,26630,50630,25780,28210,54020,28460,30700,59170,34590,36170,70760,35910,37310,73220,33470,34760,68240,31210,32210,63420,24600,25720,50330,17590,19040,36630,28650,42670,71330,735860,65770,64560,64010,79720,62030,53640,50970,45660,39610,32040,27350,23320,37720,28760,18050,11320,21290,7160,2880
2011,31150,23760,20,110,0,820,430,2060,3300,630,NT,15970,15180,31150,1020,970,1990,1700,1700,3410,1860,1770,3630,1690,1720,3410,1450,1480,2920,1590,1450,3030,1660,1530,3200,1550,1470,3020,1230,1110,2340,950,770,1720,590,430,1020,290,310,600,410,460,870,31150,3730,2220,2080,2080,1680,1260,1200,1070,1040,960,950,860,1790,1680,1630,1530,4170,1010,230
2011,19730,14150,40,40,0,190,100,890,3940,380,NU,9930,9810,19730,730,800,1530,1380,1420,2790,1260,1370,2640,1160,1190,2350,1020,1000,2020,1050,1010,2050,930,840,1770,770,680,1450,590,530,1120,470,400,880,270,240,510,160,160,310,140,170,310,19730,3020,2180,1710,1540,1130,920,760,630,530,500,430,390,730,790,830,750,2210,620,80
2011,9948000,5797250,41440,81380,49970,524860,406990,1819800,892890,333420,ON,4757820,5171590,9948000,208920,210600,422010,405010,404200,816360,389910,412310,804930,370220,411510,783480,385900,424490,811570,422420,452950,876310,483670,503740,988070,468790,484470,953690,405740,426290,832340,355210,376890,732380,279760,298610,578600,207970,232650,440780,374300,532890,907480,9948000,1114750,756370,920340,925840,700220,568720,553060,534400,507660,437130,376840,328280,540070,413750,321140,251900,444560,163760,89230
2011,112250,64540,2900,350,200,3630,3000,24480,11130,2030,PE,53660,58540,112250,3020,2910,5930,4350,4550,8900,3700,3850,7560,3540,4040,7590,3890,4270,8170,4400,4700,9110,5210,5500,10720,5230,5530,10770,5010,5300,10310,4760,4960,9720,3670,3760,7430,2600,2760,5370,4280,6400,10690,112250,8330,8130,10490,12950,10870,9650,8940,7780,6730,5160,4330,3340,5280,3520,2070,1230,2360,740,340
2011,6324130,3613540,23960,57200,20820,242230,231230,1350240,604870,180050,QC,3067110,3254080,6324130,144770,143540,288580,231690,232970,465720,233500,238900,473060,258320,264470,523130,246430,248550,495180,250650,250600,501380,296860,297750,594680,310540,314060,624660,281090,285840,566960,245190,254040,499270,199410,211160,410600,139420,156560,296000,229240,355640,584920,6324130,543620,516330,662490,682110,504510,435340,429560,402520,354510,288810,245890,201970,310800,228790,139930,95030,181750,64960,35210
2011,797600,463570,38100,3000,2150,33340,35330,138670,60660,22790,SK,391090,406210,797600,19610,18890,38510,37190,36250,73550,36900,36460,73420,33470,33310,66810,30230,30800,61060,29570,29890,59480,34420,35090,69510,37090,37030,74120,34330,33820,68150,27920,27650,55570,20840,21330,42170,16030,17470,33510,33500,48230,81730,797600,84200,49210,63030,76170,56350,48930,47530,44530,44900,37010,31900,27520,44810,36210,26790,19220,41580,12580,5150
2011,26450,18520,30,150,20,1620,790,2770,2060,490,YT,13270,13180,26450,600,610,1210,1150,1070,2220,1240,1310,2550,1180,1210,2390,1100,1240,2340,1130,1230,2360,1270,1370,2630,1460,1470,2930,1340,1250,2590,1070,960,2020,780,610,1390,460,320,780,500,540,1040,26450,1580,1320,1650,2110,1800,1620,1490,1380,1360,1250,1160,1190,2140,1780,1400,1030,1660,450,110
2012,2879990,1924720,44930,11250,8960,107590,175380,355110,187160,64890,AB,1437990,1440980,2879990,68200,64410,132680,131230,127430,258890,151060,147040,298280,146440,144980,291590,133870,129950,263980,128970,124910,253960,129080,126430,255560,135190,132810,268030,120780,116380,237170,91990,90750,182750,69300,70940,140260,48080,51510,99590,83810,113430,197250,2879990,260110,152750,177890,216750,201680,160420,148170,142300,141600,125890,115010,102940,179860,143620,117250,101400,234510,108840,49010
2012,3524640,1999430,11890,23710,18780,201230,240350,657780,273770,97690,BC,1698340,1819400,3524640,64710,62880,128680,134520,134380,272750,141330,146640,288760,135160,144930,280380,127230,139150,266630,141110,153720,295100,153270,163020,316420,164380,172820,337280,155060,163200,318300,139110,144400,283560,114650,118430,233110,82310,86320,168640,145500,189510,335030,3524640,400820,235990,343640,329480,262980,211720,198940,192180,182800,153780,132780,116050,192220,145450,111420,75170,157060,56190,25970
2012,937300,572120,21650,4130,2860,37080,28630,179420,70000,21410,MB,455040,480640,937300,22340,22100,44680,42360,41830,85180,40690,40460,81350,38350,39220,77630,37040,37940,75030,37680,38460,76160,40310,40890,81220,42880,43270,86160,39070,39740,78810,32960,34450,67410,26820,28100,54920,18990,21010,40000,35580,53170,88750,937300,113450,67280,72000,86330,70500,62880,63130,57240,55010,43790,37230,31500,50590,37110,26610,16150,31400,10180,4940
2012,603170,343180,2570,2050,1180,17740,12240,145910,64870,13440,NB,292410,310510,603170,12040,12140,24200,21820,21690,43570,20270,20760,41090,20570,21870,42480,22110,23690,45830,24010,24770,48800,27390,28030,55420,29260,29810,59080,28670,28940,57610,26150,26710,52870,21490,21840,43330,15060,15720,30780,23590,34530,58120,603170,49000,50530,51070,70340,54900,46820,43400,39500,34350,27000,21440,18110,28720,21740,13670,8490,16710,5370,2020
2012,424260,232600,6620,1410,950,7430,5940,99550,60330,9420,NL,206710,217420,424260,8340,8110,16450,14780,14730,29540,14110,14830,28960,14190,15230,29430,15520,16490,32030,17810,18480,36300,19820,20420,40250,20680,20830,41510,20540,20910,41460,19470,19770,39240,15830,16160,31990,10440,10820,21260,15190,20650,35840,424260,32430,29290,43030,53490,36090,30360,27020,24710,21400,17530,14100,12020,18930,15460,12730,8600,18720,6240,2150
2012,131960,75890,320,1990,100,4670,22550,21630,510,4300,NR,71990,29940,131960,370,290,750,3130,1710,5220,7240,2840,10940,9200,2720,13220,9580,2320,13740,8850,2110,13720,6870,1760,12180,5260,1660,10780,3820,1620,9200,3510,2170,9110,4530,3170,10450,3720,2660,8780,5920,4910,13890,131960,50830,16320,15700,13200,9700,4730,2690,2040,1670,1350,1110,960,1590,1360,1030,860,2980,1960,1860
2012,736080,409540,5280,3240,1930,22780,24490,184680,64090,20050,NS,351520,383510,736080,13950,14500,28520,27920,28210,56610,24970,26170,51450,23880,26710,50670,24990,27490,52500,28030,30150,58200,32710,34610,67320,35780,37360,73140,34230,35460,69690,30920,32030,62950,26320,27830,54160,18450,19920,38380,29400,43080,72490,736080,65280,62110,57890,78880,62770,53210,51590,45750,40220,32720,28140,23730,38910,29210,19200,12000,23400,7990,3090
2012,31160,23680,20,130,10,820,440,2110,3300,650,NT,15920,15240,31160,950,940,1890,1700,1670,3370,1800,1780,3580,1710,1760,3470,1460,1490,2950,1590,1460,3050,1560,1470,3040,1560,1480,3040,1250,1160,2410,950,780,1730,640,470,1110,300,320,620,440,470,900,31160,3790,2220,2140,1940,1610,1240,1170,1100,990,930,910,910,1770,1610,1640,1470,4410,1060,250
2012,20240,14270,50,40,,220,110,890,4340,320,NU,10150,10090,20240,730,850,1580,1380,1390,2780,1280,1450,2730,1210,1230,2440,1060,1010,2060,1030,1000,2030,970,890,1860,800,700,1500,600,550,1150,490,430,920,280,260,550,170,170,330,150,170,310,20240,3180,2280,1660,1560,1170,940,740,650,530,490,410,360,710,760,830,790,2430,700,80
2012,10066110,5889840,41770,79570,52420,522650,424160,1861920,891470,302290,ON,4815680,5232260,10066110,206950,207990,417360,411030,408740,826790,395020,414330,811880,376880,416630,795190,382070,422390,805680,418960,450710,870560,467940,490480,959100,477970,494560,972990,418620,438560,857520,357870,381730,739880,299840,321210,621250,217190,241730,459090,385330,543200,928820,10066110,1121680,737820,909620,919760,709610,564400,547110,533990,512740,446480,386330,337510,555260,427900,333660,271720,480580,177550,92380
2012,112250,64120,2840,340,190,3640,3040,25150,10950,1990,PE,53640,58580,112250,2860,2750,5610,4360,4420,8790,3620,3910,7540,3530,3970,7510,3780,4180,7970,4330,4670,9000,4900,5280,10180,5290,5580,10880,5040,5380,10430,4740,4970,9720,4050,4120,8170,2680,2880,5560,4450,6470,10920,112250,8140,7810,9440,12820,10540,9420,8690,7750,6950,5550,4570,3640,5630,3820,2200,1350,2680,890,370
2012,6392340,3665430,23220,55920,20850,245660,236560,1383450,599840,161410,QC,3102300,3287030,6392340,141870,141050,283230,238780,239020,478950,232340,237120,470110,260220,266090,526660,252720,255450,508370,248350,246810,495280,286160,286650,572890,310420,314340,624790,289450,294650,584120,249320,258190,507530,209270,221690,430980,147490,164510,312020,235910,361480,597420,6392340,537830,494400,612080,709930,513410,432570,429230,408440,364910,297690,254330,211530,325220,240280,149940,102480,199750,70900,37420
2012,813860,476910,37010,2880,2220,33050,39090,139420,61420,21880,SK,399870,413630,813860,19500,19040,38570,38010,36710,74880,38980,37800,76840,35020,35100,70150,31540,31970,63540,30340,30560,60920,33240,33630,66880,37120,37250,74370,35310,34880,70190,28530,28160,56700,22280,22520,44800,16420,17840,34270,33590,48170,81770,813860,84040,47140,60610,74790,57120,49690,47610,45380,46150,37590,32290,28640,47370,37050,28990,20860,47530,15240,5770
2012,26910,18810,20,180,30,1600,810,2960,2090,410,YT,13480,13430,26910,610,610,1220,1160,1040,2200,1230,1400,2630,1270,1250,2520,1120,1260,2390,1090,1200,2290,1210,1290,2500,1440,1460,2900,1380,1320,2690,1110,1000,2110,880,670,1540,450,360,800,540,570,1110,26910,1570,1330,1690,2100,1790,1560,1420,1490,1320,1250,1150,1170,2230,1800,1500,1100,1800,510,130
2013,2987290,1999930,44460,11350,9320,108560,188990,365080,192790,66810,AB,1496640,1489660,2987290,68830,64520,133400,136000,130020,266230,157360,152410,309940,157950,154340,312470,141290,136570,278020,134060,128350,262480,128920,125310,254280,138000,135670,273690,126330,121390,247740,96850,95190,192060,73910,75740,149660,50780,54040,104830,86370,116100,202480,2987290,271880,153490,175850,213830,201360,165710,149300,144010,143440,129050,118460,106420,186490,154480,124960,108370,258970,125000,56210
2013,3585970,2032900,11610,23810,19050,200670,251760,674560,273640,97970,BC,1730640,1850640,3585970,65150,63560,129360,136080,135140,273660,144030,148000,292590,140470,149440,290160,129610,140430,270250,139500,151890,291630,149340,159530,309010,166640,175190,341900,158180,167740,325960,142780,148940,291750,121460,125870,247360,86940,90930,177890,150450,193990,344470,3585970,397700,229800,340510,326690,265840,213350,200190,193110,183670,157320,135570,118690,197970,153890,118900,84470,175200,63880,29210
2013,951080,580480,21380,4150,2940,37340,30170,182310,70200,22120,MB,462550,487190,951080,22190,21880,44240,43360,42410,86600,41570,41220,82960,39660,40170,79870,37580,38710,76330,37640,38570,76230,39160,39660,78840,43600,43960,87560,39890,40370,80270,33750,35360,69110,28190,29680,57870,19810,21870,41680,36160,53350,89510,951080,116310,63860,72640,83820,70500,62070,63130,57750,55090,44150,37810,32000,52450,38990,29370,18460,35560,11460,5670
2013,604080,341860,2570,1980,1100,17780,12870,150540,61410,13980,NB,292800,311110,604080,11650,11730,23390,21380,21210,42630,20040,20280,40350,20510,21750,42300,21630,23250,44900,23840,24690,48540,26130,26980,53120,29290,29990,59290,28830,29210,58040,26450,27180,53630,22870,23340,46210,15760,16380,32140,24410,35120,59530,604080,49420,48660,50760,68440,53540,46010,42360,39090,35000,26810,21800,18170,29290,22750,14630,9610,19140,6320,2270
2013,427530,235760,6410,1430,960,7450,6410,102750,56950,9420,NL,208480,218970,427530,8160,7960,16130,14640,14570,29220,14180,14630,28840,14400,15350,29760,15430,16260,31710,17480,18230,35710,19450,20100,39550,20830,20830,41670,20630,21140,41770,19830,20180,40020,16700,17140,33830,11040,11450,22500,15710,21130,36840,427530,32820,28960,42090,51860,34740,29620,26670,23240,22150,17420,14770,12450,19500,15800,13440,9370,22150,7880,2610
2013,143900,83800,340,2130,100,6090,20340,26270,460,4370,NR,79800,33490,143900,360,330,770,3320,1780,5510,7820,3020,11860,9940,2920,14280,10320,2520,14970,9530,2170,14720,7450,1900,13190,5740,1780,11680,4210,1660,9840,3620,2260,9270,5070,3630,11310,4640,3290,9950,7790,6230,16570,143900,48740,20920,18030,15380,11090,5430,3290,2340,1820,1540,1300,1080,1750,1480,1140,960,3290,2220,2120
2013,739220,410580,5060,3190,1840,22580,25650,188270,61380,20660,NS,353010,385280,739220,13670,13910,27640,27620,28290,56290,25240,26120,51670,23980,26680,50760,24500,27080,51620,27620,29990,57620,31010,33030,64050,36120,37590,73720,34800,36050,70850,31150,32610,63760,27800,29240,57040,19140,20880,40020,30360,43830,74200,739220,65590,60540,56940,76900,61320,51990,50110,45360,41180,32440,28210,24070,38330,30870,21500,13940,26910,9510,3520
2013,31440,23880,20,120,,850,430,2240,3230,670,NT,16070,15370,31440,920,920,1840,1660,1650,3320,1810,1810,3620,1780,1770,3550,1450,1470,2910,1550,1430,2980,1530,1440,2970,1600,1480,3080,1320,1230,2550,990,830,1820,680,500,1170,330,340,680,450,490,940,31440,3770,2100,2050,2010,1670,1260,1140,1100,1100,990,880,880,1700,1660,1530,1490,4610,1240,290
2013,20700,14470,60,40,,200,100,1000,4530,310,NU,10380,10320,20700,740,820,1560,1370,1420,2790,1340,1480,2830,1220,1310,2530,1080,1030,2110,1030,960,1990,1000,950,1950,840,750,1590,650,560,1210,470,430,900,320,270,580,170,170,340,160,180,340,20700,3350,2370,1770,1520,1160,900,730,640,560,490,430,400,700,720,840,750,2560,750,90
2013,10226230,5969030,40260,78200,52020,522410,453690,1906510,897580,306530,ON,4895500,5313030,10226230,207310,207180,416780,417530,413350,837210,401990,418880,823360,386930,424280,812960,382550,423900,807740,414740,447830,863540,454290,478640,933660,488880,506420,995800,432650,451350,884370,366230,392820,759350,316440,339560,656210,226880,252130,479190,399090,556700,956070,10226230,1140360,727870,911220,914940,720140,564310,545690,533690,515470,450010,390150,340310,565630,445490,347220,285100,528570,198430,101620
2013,112540,64960,2870,350,210,3670,3180,25860,9310,2150,PE,53840,58660,112540,2810,2650,5460,4320,4330,8660,3620,3880,7500,3500,3940,7440,3750,4230,7990,4250,4550,8810,4790,4990,9780,5290,5690,10980,5070,5440,10510,4760,4980,9740,4310,4410,8720,2850,3040,5890,4530,6550,11080,112540,8270,7540,9290,12510,10190,9330,8660,7610,7120,5580,4590,3740,5590,4060,2300,1560,3150,1040,420
2013,6445570,3678180,22660,53770,20350,247050,244380,1416560,592660,169950,QC,3129160,3313800,6445570,137990,138050,276250,241970,242140,485020,232040,237230,469820,260150,265300,525810,257930,261170,519310,246700,245510,492350,274150,274270,548490,310410,313410,623860,296240,301550,597820,254010,263050,517090,217830,230860,448710,155760,172820,328590,243990,368440,612460,6445570,535770,480990,609820,701890,508970,425140,418670,402570,375720,304880,258990,217900,334340,255850,161750,111290,222180,79210,39660
2013,828260,487750,35360,2840,2120,33180,42710,140160,62140,22000,SK,408010,419910,828260,19500,19090,38620,38040,36630,74800,40420,38720,79200,36830,36710,73570,33110,33080,66220,30880,31020,61920,32220,32380,64610,37430,37450,74880,36010,35750,71760,29720,29220,58940,23250,23680,46940,16950,18190,35140,33670,47990,81670,828260,84780,45000,57880,74050,56890,49130,47760,45390,46020,38630,33300,29370,49540,39390,31950,23130,51820,17640,6610
2013,27200,18780,20,160,30,1570,890,3150,2110,490,YT,13540,13660,27200,530,570,1100,1130,1050,2180,1230,1360,2600,1300,1340,2640,1130,1300,2430,1150,1230,2380,1150,1240,2390,1410,1470,2880,1390,1360,2750,1120,1020,2140,900,730,1640,520,390,910,570,600,1170,27200,1590,1290,1640,2100,1810,1550,1470,1410,1330,1210,1170,1120,2220,1850,1540,1040,2120,590,160
2015,3107340,1959890,44930,11940,9430,106620,203710,390530,240470,139830,AB,356830,388930,745770,13930,13960,27890,27060,27470,54530,26230,27080,53310,24470,26330,50800,24090,27040,51130,26630,28960,55590,28520,30630,59150,35340,36990,72330,35140,36820,71960,32250,34310,66560,30110,31780,61890,20990,22550,43540,32090,45030,77120,3107340,274760,158980,173930,208060,205270,173140,152850,150400,147890,137720,124310,114350,197270,164910,132030,113840,278940,131820,66880
2015,3717720,1977610,11990,24340,19860,198060,263680,713780,308630,199780,BC,91590,40830,132420,390,310,700,3410,1690,5100,7980,3000,10980,10510,3110,13620,11220,3000,14220,10810,2670,13480,8920,2610,11530,7400,2590,9990,5730,2490,8220,4620,3010,7630,5700,4440,10140,5470,4040,9510,9430,7900,17330,3717720,371830,218280,329940,323520,274620,220290,203100,203570,190700,170870,146320,128850,213780,171860,133150,98130,205700,78400,34830
2015,972540,543440,21080,4080,3120,36150,31840,188400,83760,60680,MB,296080,314030,610120,11700,11760,23460,21310,20610,41920,20090,19960,40050,20200,21430,41630,21280,22720,44000,23160,24510,47670,24410,25030,49440,29050,29860,58910,29200,29790,58990,27250,28490,55740,25100,25870,50970,17230,17760,34990,26100,36250,62350,972540,112340,60200,72680,79910,70110,61920,60410,59230,56190,48510,40680,34980,56880,42830,32750,21460,41770,13080,6610
2015,610120,328150,2690,1880,990,16860,13300,158380,63820,24060,NB,10820,10800,21620,730,840,1570,1370,1460,2830,1490,1540,3030,1280,1350,2630,1120,1110,2230,980,960,1940,1020,970,1990,910,800,1710,740,650,1390,500,440,940,350,310,660,180,170,350,160,210,370,610120,45730,45950,47780,66350,52750,46360,41860,40600,36160,29270,23480,19920,31640,25030,16820,10480,20870,6770,2290
2015,432920,226970,6590,1400,950,7140,6730,108740,58940,15450,NL,16520,15710,32230,870,880,1750,1690,1580,3270,1900,1860,3760,1820,1790,3610,1560,1630,3190,1440,1390,2830,1490,1370,2860,1620,1530,3150,1420,1260,2680,1070,950,2020,740,580,1320,430,370,800,470,530,1000,432920,31510,27050,39660,50280,34160,29150,26340,23440,22440,18360,14910,13350,21450,16690,14500,11670,25300,9460,3200
2015,132420,66630,330,1780,100,4300,10740,25490,350,22700,NR,1795970,1921750,3717720,66930,66130,133060,140870,138890,279760,150380,154420,304800,150740,158380,309120,136900,146580,283480,135490,147790,283280,146580,158640,305220,164210,173800,338010,162250,173360,335610,149850,158890,308740,135630,141510,277140,95040,99730,194770,161120,203640,364760,132420,45110,16580,15770,14500,11790,5910,3320,2240,1680,1310,1090,950,1570,1290,1110,940,2880,2080,2310
2015,745770,392250,5200,3050,1740,21460,26650,196380,64500,34550,NS,3168190,3352060,6520250,125140,126280,251420,237660,237710,475370,237850,242860,480710,252420,258850,511270,267420,272210,539630,248190,247900,496090,255830,254810,510640,303630,304520,608150,304570,310120,614690,267890,277050,544940,232090,244950,477040,173280,190290,363570,262220,384510,646730,745770,61930,56790,55260,72470,64310,49910,47660,46420,42810,34990,29440,25620,40760,32720,25110,15730,29710,10140,3980
2015,32230,23350,30,110,10,790,460,2420,3690,1370,NT,414870,428480,843350,18600,18710,37310,36330,35570,71900,40780,39910,80690,38980,39170,78150,35440,35120,70560,31790,31840,63630,30820,30720,61540,36010,36530,72540,36300,36150,72450,32290,31950,64240,25410,25990,51400,17760,18820,36580,34380,48020,82400,32230,3560,2230,2080,1940,1720,1300,1080,1130,1040,990,960,860,1610,1580,1550,1410,5380,1490,340
2015,21620,14300,80,40,,180,110,1100,5180,630,NU,55050,59840,114890,2800,2710,5510,4330,4260,8590,3740,4050,7790,3710,4000,7710,3740,4270,8010,4230,4430,8660,4460,4770,9230,5330,5590,10920,5110,5630,10740,5000,5200,10200,4730,4900,9630,3080,3340,6420,4810,6700,11510,21620,3080,2660,1850,1600,1210,940,800,670,520,500,430,380,700,720,830,810,2910,890,120
2015,10493290,5765330,38940,75110,52970,505090,483510,1990850,988430,593080,ON,1548640,1558700,3107340,66630,63910,130540,132160,128830,260990,159810,158240,318050,167020,165840,332860,150730,148890,299620,137930,133480,271410,128960,126120,255080,136010,135000,271010,131880,128220,260100,107630,105600,213230,82580,84420,167000,55370,58580,113950,91910,121580,213490,10493290,1063700,670140,910100,904330,744570,577890,553720,542780,532430,479480,407330,360170,606580,482370,376600,322720,611560,230010,116810
2015,114890,63970,2900,330,180,3540,3390,27310,9690,3570,PE,211330,221590,432920,8130,7860,15990,14130,13980,28110,14500,14700,29200,14770,15520,30290,15020,16100,31120,16950,17620,34570,18780,19260,38040,20560,20920,41480,20730,21170,41900,20270,20790,41060,18170,18770,36940,12400,12930,25330,16910,21980,38890,114890,7900,7180,8840,11870,10250,9290,8540,7940,7250,6090,4980,4170,6100,4650,2970,1820,3480,1080,490
2015,6520250,3530150,21530,50570,18840,247240,257740,1487530,628120,278530,QC,474070,498470,972540,21650,21020,42670,44450,42940,87390,43430,43230,86660,41650,42460,84110,38880,40110,78990,38190,38780,76970,37410,38420,75830,42610,43070,85680,41070,41400,82470,35820,37350,73170,30260,32470,62730,21380,23220,44600,37270,54030,91300,6520250,499980,452600,590760,676040,516360,424570,407170,413370,391050,322890,273300,231360,359170,282560,181670,122470,243600,85620,45710
2015,843350,464170,34250,2630,2100,31340,47110,143640,74310,43810,SK,5034930,5458370,10493290,209140,209130,418270,427100,419120,846220,421780,432240,854020,405840,438580,844420,388500,430290,818790,403210,439700,842910,431750,461610,893360,491670,511250,1002920,455390,474630,930020,387410,416590,804000,344320,373180,717500,244880,269410,514290,423960,582660,1006620,843350,82110,44220,53210,70480,57310,48680,45840,45410,46030,41870,36000,31450,52510,42120,34100,26390,58130,20030,7470
2015,28010,18630,40,160,30,1540,940,3600,2330,750,YT,13900,14110,28010,550,560,1110,1010,980,1990,1330,1390,2720,1370,1450,2820,1190,1320,2510,1110,1300,2410,1120,1150,2270,1310,1410,2720,1420,1370,2790,1270,1190,2460,950,870,1820,630,470,1100,650,670,1320,28010,1540,1320,1590,2060,1890,1590,1400,1410,1330,1230,1130,1090,2300,2030,1650,1280,2350,660,170